,Dataset,NO_Rows,TREES-RIPPER_bacc,TREES-RIPPER_f2,TREES-RIPPER_acc,TREES-RIPPER_rule_length,TREES-RIPPER_sum_praeds,TREES-RIPPER_max_rule_praed,QUANTILE-RIPPER_bacc,QUANTILE-RIPPER_f2,QUANTILE-RIPPER_acc,QUANTILE-RIPPER_rule_length,QUANTILE-RIPPER_sum_praeds,QUANTILE-RIPPER_max_rule_praed,NATIVE-RIPPER_bacc,NATIVE-RIPPER_f2,NATIVE-RIPPER_acc,NATIVE-RIPPER_rule_length,NATIVE-RIPPER_sum_praeds,NATIVE-RIPPER_max_rule_praed,TREES-BRCG_bacc,TREES-BRCG_f2,TREES-BRCG_acc,QUANTILE-BRCG_bacc,QUANTILE-BRCG_f2,QUANTILE-BRCG_acc,TREES-CORELS_bacc,TREES-CORELS_f2,TREES-CORELS_acc,TREES-CORELS_rule_length,TREES-CORELS_sum_praeds,TREES-CORELS_max_rule_praed,QUANTILE-CORELS_bacc,QUANTILE-CORELS_f2,QUANTILE-CORELS_acc,QUANTILE-CORELS_rule_length,QUANTILE-CORELS_sum_praeds,QUANTILE-CORELS_max_rule_praed
0,german-credit,1000,0.21652032178347969,0.6625441696113072,0.5233333333333333,17,72,7,0.2215679057784321,0.3414634146341464,0.73,3,11,5,0.2215679057784321,0.3414634146341464,0.73,3,11,5,0.15547610284452396,0.7902163687676388,0.6666666666666666,0.30984804669015187,0.8262511803588292,0.7266666666666667,0.1527945738472054,0.25125628140703515,0.7166666666666667,3,4,2,0.1527945738472054,0.25125628140703515,0.7166666666666667,3,4,2
1,taiwan_binary,30000,0.0,0.0,0.7822222222222223,0,0,0,0.3014030612244898,0.3921897728544254,0.8161111111111111,18,109,9,0.3014030612244898,0.3921897728544254,0.8161111111111111,18,109,9,0.2719677643784786,0.347955902618282,0.8204444444444444,0.2665033627087199,0.3401360544217687,0.8207777777777778,0.27225185528756946,0.34803583735354926,0.8206666666666667,3,4,2,0.27225185528756946,0.34803583735354926,0.8206666666666667,3,4,2
2,bike_imbalanced,8760,0.814984768072347,0.47703180212014135,0.8321917808219178,6,27,7,0.40874255168317597,0.4509283819628647,0.976027397260274,3,18,6,0.40874255168317597,0.4509283819628647,0.976027397260274,3,18,6,0.0,0.0,0.9687975646879756,0.0,0.0,0.9687975646879756,0.0,0.0,0.9687975646879756,3,4,2,0.0,0.0,0.9687975646879756,3,4,2
