,Dataset,NO_Rows,TREES-BRCG_runtime,TREES-BRCG_adj_bal_acc,TREES-BRCG_f2,TREES-BRCG_acc,QUANTILE-BRCG_runtime,QUANTILE-BRCG_adj_bal_acc,QUANTILE-BRCG_f2,QUANTILE-BRCG_acc,TREES-RIPPER_runtime,TREES-RIPPER_adj_bal_acc,TREES-RIPPER_f2,TREES-RIPPER_acc,TREES-RIPPER_nof_rules,TREES-RIPPER_sum_preds,TREES-RIPPER_max_preds,QUANTILE-RIPPER_runtime,QUANTILE-RIPPER_adj_bal_acc,QUANTILE-RIPPER_f2,QUANTILE-RIPPER_acc,QUANTILE-RIPPER_nof_rules,QUANTILE-RIPPER_sum_preds,QUANTILE-RIPPER_max_preds,NATIVE-RIPPER_runtime,NATIVE-RIPPER_adj_bal_acc,NATIVE-RIPPER_f2,NATIVE-RIPPER_acc,NATIVE-RIPPER_nof_rules,NATIVE-RIPPER_sum_preds,NATIVE-RIPPER_max_preds,TREES-CORELS_runtime,TREES-CORELS_adj_bal_acc,TREES-CORELS_f2,TREES-CORELS_acc,TREES-CORELS_nof_rules,TREES-CORELS_sum_preds,TREES-CORELS_max_preds,QUANTILE-CORELS_runtime,QUANTILE-CORELS_adj_bal_acc,QUANTILE-CORELS_f2,QUANTILE-CORELS_acc,QUANTILE-CORELS_nof_rules,QUANTILE-CORELS_sum_preds,QUANTILE-CORELS_max_preds
0,german-credit,1000,3.894653081893921,0.15547610284452396,0.7902163687676388,0.6666666666666666,31.661806106567383,0.30984804669015187,0.8262511803588292,0.7266666666666667,0.5698847770690918,0.21652032178347969,0.6625441696113072,0.5233333333333333,17,72,7,0.6039280891418457,0.2215679057784321,0.3414634146341464,0.73,3,11,5,0.09677910804748535,0.17903149482096836,0.3056234718826406,0.7133333333333334,3,7,3,0.14528679847717285,0.1527945738472054,0.25125628140703515,0.7166666666666667,3,4,2,0.4858710765838623,0.14180556285819446,0.23929471032745592,0.7133333333333334,2,3,2
1,taiwan_binary,30000,3.2705681324005127,0.2719677643784786,0.347955902618282,0.8204444444444444,41.696735858917236,0.2665033627087199,0.3401360544217687,0.8207777777777778,0.7644422054290771,0.0,0.0,0.7822222222222223,0,0,0,94.84383201599121,0.3014030612244898,0.3921897728544254,0.8161111111111111,18,109,9,5.9218103885650635,0.2798295454545454,0.36213757816941444,0.8176666666666667,6,20,6,1.0394220352172852,0.27225185528756946,0.34803583735354926,0.8206666666666667,3,4,2,92.85426902770996,0.2719677643784786,0.347955902618282,0.8204444444444444,2,3,2
